TrnType,Index,AcptCap,DispCap,AcptVisible,DispVisible,AcptPos,DispPos,AcptDataType,DispDataType,AcptWidth,DispWidth,AcptAlign,DispAlign
,,"","",,,,,,,,,,
,,"","",,,,,,,,,,
,,"","",,,,,,,,,,
,,"","",,,,,,,,,,
,,"","",,,,,,,,,,
,,"","",,,,,,,,,,
,,"","",,,,,,,,,,
,,"","",,,,,,,,,,
,,"","",,,,,,,,,,
,,"","",,,,,,,,,,
,,"","",,,,,,,,,,
,,"","",,,,,,,,,,
,,"","",,,,,,,,,,
,,"","",,,,,,,,,,
,,"","",,,,,,,,,,
,,"","",,,,,,,,,,
,,"","",,,,,,,,,,
,,"","",,,,,,,,,,
,,"","",,,,,,,,,,
,,"","",,,,,,,,,,
,,"","",,,,,,,,,,
,,"","",,,,,,,,,,
,,"","",,,,,,,,,,
,,"","",,,,,,,,,,
,,"","",,,,,,,,,,
,,"","",,,,,,,,,,
,,"","",,,,,,,,,,
,,"","",,,,,,,,,,
,,"","",,,,,,,,,,
,,"","",,,,,,,,,,
,,"","",,,,,,,,,,
,,"","",,,,,,,,,,
,,"","",,,,,,,,,,
,,"","",,,,,,,,,,
,,"","",,,,,,,,,,
,,"","",,,,,,,,,,
,,"","",,,,,,,,,,
,,"","",,,,,,,,,,
,,"","",,,,,,,,,,
,,"","",,,,,,,,,,
,,"","",,,,,,,,,,
,,"","",,,,,,,,,,
,,"","",,,,,,,,,,
,,"","",,,,,,,,,,
,,"","",,,,,,,,,,
,,"","",,,,,,,,,,
,,"","",,,,,,,,,,
,,"","",,,,,,,,,,
,,"","",,,,,,,,,,
,,"","",,,,,,,,,,
,,"","",,,,,,,,,,
,,"","",,,,,,,,,,
,,"","",,,,,,,,,,
,,"","",,,,,,,,,,
,,"","",,,,,,,,,,
,,"","",,,,,,,,,,
,,"","",,,,,,,,,,
,,"","",,,,,,,,,,
,,"","",,,,,,,,,,
,,"","",,,,,,,,,,
,,"","",,,,,,,,,,
,,"","",,,,,,,,,,
,,"","",,,,,,,,,,
,,"","",,,,,,,,,,
,,"","",,,,,,,,,,
,,"","",,,,,,,,,,
,,"","",,,,,,,,,,
,,"","",,,,,,,,,,
,,"","",,,,,,,,,,
,,"","",,,,,,,,,,
,,"","",,,,,,,,,,
,,"","",,,,,,,,,,
,,"","",,,,,,,,,,
,,"","",,,,,,,,,,
,,"","",,,,,,,,,,
,,"","",,,,,,,,,,
,,"","",,,,,,,,,,
,,"","",,,,,,,,,,
,,"","",,,,,,,,,,
,,"","",,,,,,,,,,
,,"","",,,,,,,,,,
,,"","",,,,,,,,,,
,,"","",,,,,,,,,,
,,"","",,,,,,,,,,
,,"","",,,,,,,,,,
,,"","",,,,,,,,,,
,,"","",,,,,,,,,,
,,"","",,,,,,,,,,
,,"","",,,,,,,,,,
,,"","",,,,,,,,,,
,,"","",,,,,,,,,,
,,"","",,,,,,,,,,
,,"","",,,,,,,,,,
,,"","",,,,,,,,,,
,,"","",,,,,,,,,,
,,"","",,,,,,,,,,
,,"","",,,,,,,,,,
,,"","",,,,,,,,,,
,,"","",,,,,,,,,,
,,"","",,,,,,,,,,
,,"","",,,,,,,,,,
,,"","",,,,,,,,,,
,,"","",,,,,,,,,,
,,"","",,,,,,,,,,
,,"","",,,,,,,,,,
,,"","",,,,,,,,,,
,,"","",,,,,,,,,,
,,"","",,,,,,,,,,
,,"","",,,,,,,,,,
,,"","",,,,,,,,,,
,,"","",,,,,,,,,,
,,"","",,,,,,,,,,
,,"","",,,,,,,,,,
,,"","",,,,,,,,,,
,,"","",,,,,,,,,,
,,"","",,,,,,,,,,
,,"","",,,,,,,,,,
,,"","",,,,,,,,,,
,,"","",,,,,,,,,,
,,"","",,,,,,,,,,
,,"","",,,,,,,,,,
,,"","",,,,,,,,,,
,,"","",,,,,,,,,,
,,"","",,,,,,,,,,
,,"","",,,,,,,,,,
,,"","",,,,,,,,,,
,,"","",,,,,,,,,,
,,"","",,,,,,,,,,
,,"","",,,,,,,,,,
,,"","",,,,,,,,,,
,,"","",,,,,,,,,,
,,"","",,,,,,,,,,
,,"","",,,,,,,,,,
,,"","",,,,,,,,,,
,,"","",,,,,,,,,,
,,"","",,,,,,,,,,
,,"","",,,,,,,,,,
,,"","",,,,,,,,,,
,,"","",,,,,,,,,,
,,"","",,,,,,,,,,
,,"","",,,,,,,,,,
,,"","",,,,,,,,,,
,,"","",,,,,,,,,,
,,"","",,,,,,,,,,
,,"","",,,,,,,,,,
,,"","",,,,,,,,,,
,,"","",,,,,,,,,,
,,"","",,,,,,,,,,
,,"","",,,,,,,,,,
,,"","",,,,,,,,,,
,,"","",,,,,,,,,,
,,"","",,,,,,,,,,
,,"","",,,,,,,,,,
,,"","",,,,,,,,,,
,,"","",,,,,,,,,,
,,"","",,,,,,,,,,
,,"","",,,,,,,,,,
,,"","",,,,,,,,,,
,,"","",,,,,,,,,,
,,"","",,,,,,,,,,
,,"","",,,,,,,,,,
,,"","",,,,,,,,,,
,,"","",,,,,,,,,,
,,"","",,,,,,,,,,
,,"","",,,,,,,,,,
,,"","",,,,,,,,,,
,,"","",,,,,,,,,,
,,"","",,,,,,,,,,
,,"","",,,,,,,,,,
,,"","",,,,,,,,,,
,,"","",,,,,,,,,,
,,"","",,,,,,,,,,
,,"","",,,,,,,,,,
,,"","",,,,,,,,,,
,,"","",,,,,,,,,,
,,"","",,,,,,,,,,
,,"","",,,,,,,,,,
,,"","",,,,,,,,,,
,,"","",,,,,,,,,,
,,"","",,,,,,,,,,
,,"","",,,,,,,,,,
,,"","",,,,,,,,,,
,,"","",,,,,,,,,,
,,"","",,,,,,,,,,
,,"","",,,,,,,,,,
,,"","",,,,,,,,,,
,,"","",,,,,,,,,,
,,"","",,,,,,,,,,
,,"","",,,,,,,,,,
,,"","",,,,,,,,,,
,,"","",,,,,,,,,,
,,"","",,,,,,,,,,
,,"","",,,,,,,,,,
,,"","",,,,,,,,,,
,,"","",,,,,,,,,,
,,"","",,,,,,,,,,
,,"","",,,,,,,,,,
,,"","",,,,,,,,,,
,,"","",,,,,,,,,,
,,"","",,,,,,,,,,
,,"","",,,,,,,,,,
,,"","",,,,,,,,,,
,,"","",,,,,,,,,,
,,"","",,,,,,,,,,
,,"","",,,,,,,,,,
,,"","",,,,,,,,,,
,,"","",,,,,,,,,,
,,"","",,,,,,,,,,
,,"","",,,,,,,,,,
,,"","",,,,,,,,,,
,,"","",,,,,,,,,,
,,"","",,,,,,,,,,
,,"","",,,,,,,,,,
,,"","",,,,,,,,,,
,,"","",,,,,,,,,,
,,"","",,,,,,,,,,
,,"","",,,,,,,,,,
,,"","",,,,,,,,,,
,,"","",,,,,,,,,,
,,"","",,,,,,,,,,
,,"","",,,,,,,,,,
,,"","",,,,,,,,,,
,,"","",,,,,,,,,,
,,"","",,,,,,,,,,
,,"","",,,,,,,,,,
,,"","",,,,,,,,,,
,,"","",,,,,,,,,,
,,"","",,,,,,,,,,
,,"","",,,,,,,,,,
,,"","",,,,,,,,,,
,,"","",,,,,,,,,,
,,"","",,,,,,,,,,
,,"","",,,,,,,,,,
,,"","",,,,,,,,,,
,,"","",,,,,,,,,,
,,"","",,,,,,,,,,
,,"","",,,,,,,,,,
,,"","",,,,,,,,,,
,,"","",,,,,,,,,,
,,"","",,,,,,,,,,
,,"","",,,,,,,,,,
,,"","",,,,,,,,,,
,,"","",,,,,,,,,,
,,"","",,,,,,,,,,
,,"","",,,,,,,,,,
,,"","",,,,,,,,,,
,,"","",,,,,,,,,,
,,"","",,,,,,,,,,
,,"","",,,,,,,,,,
,,"","",,,,,,,,,,
,,"","",,,,,,,,,,
,,"","",,,,,,,,,,
,,"","",,,,,,,,,,
,,"","",,,,,,,,,,
,,"","",,,,,,,,,,
,,"","",,,,,,,,,,
,,"","",,,,,,,,,,
,,"","",,,,,,,,,,
,,"","",,,,,,,,,,
,,"","",,,,,,,,,,
,,"","",,,,,,,,,,
,,"","",,,,,,,,,,
,,"","",,,,,,,,,,
,,"","",,,,,,,,,,
,,"","",,,,,,,,,,
,,"","",,,,,,,,,,
,,"","",,,,,,,,,,
,,"","",,,,,,,,,,
,,"","",,,,,,,,,,
,,"","",,,,,,,,,,
,,"","",,,,,,,,,,
,,"","",,,,,,,,,,
,,"","",,,,,,,,,,
,,"","",,,,,,,,,,
,,"","",,,,,,,,,,
,,"","",,,,,,,,,,
,,"","",,,,,,,,,,
,,"","",,,,,,,,,,
,,"","",,,,,,,,,,
,,"","",,,,,,,,,,
,,"","",,,,,,,,,,
,,"","",,,,,,,,,,
,,"","",,,,,,,,,,
,,"","",,,,,,,,,,
,,"","",,,,,,,,,,
,,"","",,,,,,,,,,
,,"","",,,,,,,,,,
,,"","",,,,,,,,,,
,,"","",,,,,,,,,,
,,"","",,,,,,,,,,
,,"","",,,,,,,,,,
,,"","",,,,,,,,,,
,,"","",,,,,,,,,,
,,"","",,,,,,,,,,
,,"","",,,,,,,,,,
,,"","",,,,,,,,,,
,,"","",,,,,,,,,,
,,"","",,,,,,,,,,
,,"","",,,,,,,,,,
,,"","",,,,,,,,,,
,,"","",,,,,,,,,,
,,"","",,,,,,,,,,
,,"","",,,,,,,,,,
,,"","",,,,,,,,,,
,,"","",,,,,,,,,,
,,"","",,,,,,,,,,
,,"","",,,,,,,,,,
,,"","",,,,,,,,,,
,,"","",,,,,,,,,,
,,"","",,,,,,,,,,
,,"","",,,,,,,,,,
,,"","",,,,,,,,,,
,,"","",,,,,,,,,,
,,"","",,,,,,,,,,
,,"","",,,,,,,,,,
,,"","",,,,,,,,,,
,,"","",,,,,,,,,,
,,"","",,,,,,,,,,
,,"","",,,,,,,,,,
,,"","",,,,,,,,,,
,,"","",,,,,,,,,,
,,"","",,,,,,,,,,
,,"","",,,,,,,,,,
,,"","",,,,,,,,,,
,,"","",,,,,,,,,,
,,"","",,,,,,,,,,
,,"","",,,,,,,,,,
,,"","",,,,,,,,,,
,,"","",,,,,,,,,,
,,"","",,,,,,,,,,
,,"","",,,,,,,,,,
,,"","",,,,,,,,,,
,,"","",,,,,,,,,,
,,"","",,,,,,,,,,
,,"","",,,,,,,,,,
,,"","",,,,,,,,,,
,,"","",,,,,,,,,,
,,"","",,,,,,,,,,
,,"","",,,,,,,,,,
,,"","",,,,,,,,,,
,,"","",,,,,,,,,,
,,"","",,,,,,,,,,
,,"","",,,,,,,,,,
,,"","",,,,,,,,,,
,,"","",,,,,,,,,,
,,"","",,,,,,,,,,
,,"","",,,,,,,,,,
,,"","",,,,,,,,,,
,,"","",,,,,,,,,,
,,"","",,,,,,,,,,
,,"","",,,,,,,,,,
,,"","",,,,,,,,,,
,,"","",,,,,,,,,,
,,"","",,,,,,,,,,
,,"","",,,,,,,,,,
,,"","",,,,,,,,,,
,,"","",,,,,,,,,,
,,"","",,,,,,,,,,
,,"","",,,,,,,,,,
,,"","",,,,,,,,,,
,,"","",,,,,,,,,,
,,"","",,,,,,,,,,
,,"","",,,,,,,,,,
,,"","",,,,,,,,,,
,,"","",,,,,,,,,,
,,"","",,,,,,,,,,
,,"","",,,,,,,,,,
,,"","",,,,,,,,,,
,,"","",,,,,,,,,,
,,"","",,,,,,,,,,
,,"","",,,,,,,,,,
,,"","",,,,,,,,,,
,,"","",,,,,,,,,,
,,"","",,,,,,,,,,
,,"","",,,,,,,,,,
,,"","",,,,,,,,,,
,,"","",,,,,,,,,,
,,"","",,,,,,,,,,
,,"","",,,,,,,,,,
,,"","",,,,,,,,,,
,,"","",,,,,,,,,,
,,"","",,,,,,,,,,
,,"","",,,,,,,,,,
,,"","",,,,,,,,,,
,,"","",,,,,,,,,,
,,"","",,,,,,,,,,
,,"","",,,,,,,,,,
,,"","",,,,,,,,,,
,,"","",,,,,,,,,,
,,"","",,,,,,,,,,
,,"","",,,,,,,,,,
,,"","",,,,,,,,,,
,,"","",,,,,,,,,,
,,"","",,,,,,,,,,
,,"","",,,,,,,,,,
,,"","",,,,,,,,,,
,,"","",,,,,,,,,,
,,"","",,,,,,,,,,
,,"","",,,,,,,,,,
,,"","",,,,,,,,,,
,,"","",,,,,,,,,,
,,"","",,,,,,,,,,
,,"","",,,,,,,,,,
,,"","",,,,,,,,,,
,,"","",,,,,,,,,,
,,"","",,,,,,,,,,
,,"","",,,,,,,,,,
,,"","",,,,,,,,,,
,,"","",,,,,,,,,,
,,"","",,,,,,,,,,
,,"","",,,,,,,,,,
,,"","",,,,,,,,,,
,,"","",,,,,,,,,,
,,"","",,,,,,,,,,
,,"","",,,,,,,,,,
,,"","",,,,,,,,,,
,,"","",,,,,,,,,,
,,"","",,,,,,,,,,
,,"","",,,,,,,,,,
,,"","",,,,,,,,,,
,,"","",,,,,,,,,,
,,"","",,,,,,,,,,
,,"","",,,,,,,,,,
,,"","",,,,,,,,,,
,,"","",,,,,,,,,,
,,"","",,,,,,,,,,
,,"","",,,,,,,,,,
,,"","",,,,,,,,,,
,,"","",,,,,,,,,,
,,"","",,,,,,,,,,
,,"","",,,,,,,,,,
,,"","",,,,,,,,,,
,,"","",,,,,,,,,,
,,"","",,,,,,,,,,
,,"","",,,,,,,,,,
,,"","",,,,,,,,,,
,,"","",,,,,,,,,,
,,"","",,,,,,,,,,
,,"","",,,,,,,,,,
,,"","",,,,,,,,,,
,,"","",,,,,,,,,,
,,"","",,,,,,,,,,
,,"","",,,,,,,,,,
,,"","",,,,,,,,,,
,,"","",,,,,,,,,,
,,"","",,,,,,,,,,
,,"","",,,,,,,,,,
,,"","",,,,,,,,,,
,,"","",,,,,,,,,,
,,"","",,,,,,,,,,
,,"","",,,,,,,,,,
,,"","",,,,,,,,,,
,,"","",,,,,,,,,,
,,"","",,,,,,,,,,
,,"","",,,,,,,,,,
,,"","",,,,,,,,,,
,,"","",,,,,,,,,,
,,"","",,,,,,,,,,
,,"","",,,,,,,,,,
,,"","",,,,,,,,,,
,,"","",,,,,,,,,,
,,"","",,,,,,,,,,
,,"","",,,,,,,,,,
,,"","",,,,,,,,,,
,,"","",,,,,,,,,,
,,"","",,,,,,,,,,
,,"","",,,,,,,,,,
,,"","",,,,,,,,,,
,,"","",,,,,,,,,,
,,"","",,,,,,,,,,
,,"","",,,,,,,,,,
,,"","",,,,,,,,,,
,,"","",,,,,,,,,,
,,"","",,,,,,,,,,
,,"","",,,,,,,,,,
,,"","",,,,,,,,,,
,,"","",,,,,,,,,,
,,"","",,,,,,,,,,
,,"","",,,,,,,,,,
,,"","",,,,,,,,,,
,,"","",,,,,,,,,,
,,"","",,,,,,,,,,
,,"","",,,,,,,,,,
,,"","",,,,,,,,,,
,,"","",,,,,,,,,,
,,"","",,,,,,,,,,
,,"","",,,,,,,,,,
,,"","",,,,,,,,,,
,,"","",,,,,,,,,,
,,"","",,,,,,,,,,
,,"","",,,,,,,,,,
,,"","",,,,,,,,,,
,,"","",,,,,,,,,,
,,"","",,,,,,,,,,
,,"","",,,,,,,,,,
,,"","",,,,,,,,,,
,,"","",,,,,,,,,,
,,"","",,,,,,,,,,
,,"","",,,,,,,,,,
,,"","",,,,,,,,,,
,,"","",,,,,,,,,,
,,"","",,,,,,,,,,
,,"","",,,,,,,,,,
,,"","",,,,,,,,,,
,,"","",,,,,,,,,,
,,"","",,,,,,,,,,
,,"","",,,,,,,,,,
,,"","",,,,,,,,,,
,,"","",,,,,,,,,,
,,"","",,,,,,,,,,
,,"","",,,,,,,,,,
,,"","",,,,,,,,,,
,,"","",,,,,,,,,,
,,"","",,,,,,,,,,
,,"","",,,,,,,,,,
,,"","",,,,,,,,,,
,,"","",,,,,,,,,,
,,"","",,,,,,,,,,
,,"","",,,,,,,,,,
,,"","",,,,,,,,,,
,,"","",,,,,,,,,,
,,"","",,,,,,,,,,
,,"","",,,,,,,,,,
,,"","",,,,,,,,,,
,,"","",,,,,,,,,,
,,"","",,,,,,,,,,
,,"","",,,,,,,,,,
,,"","",,,,,,,,,,
,,"","",,,,,,,,,,
,,"","",,,,,,,,,,
,,"","",,,,,,,,,,
,,"","",,,,,,,,,,
,,"","",,,,,,,,,,
,,"","",,,,,,,,,,
,,"","",,,,,,,,,,
,,"","",,,,,,,,,,
,,"","",,,,,,,,,,
,,"","",,,,,,,,,,
,,"","",,,,,,,,,,
,,"","",,,,,,,,,,
,,"","",,,,,,,,,,
,,"","",,,,,,,,,,
,,"","",,,,,,,,,,
,,"","",,,,,,,,,,
,,"","",,,,,,,,,,
,,"","",,,,,,,,,,
,,"","",,,,,,,,,,
,,"","",,,,,,,,,,
,,"","",,,,,,,,,,
,,"","",,,,,,,,,,
,,"","",,,,,,,,,,
,,"","",,,,,,,,,,
,,"","",,,,,,,,,,
,,"","",,,,,,,,,,
,,"","",,,,,,,,,,
,,"","",,,,,,,,,,
,,"","",,,,,,,,,,
,,"","",,,,,,,,,,
,,"","",,,,,,,,,,
,,"","",,,,,,,,,,
,,"","",,,,,,,,,,
,,"","",,,,,,,,,,
,,"","",,,,,,,,,,
,,"","",,,,,,,,,,
,,"","",,,,,,,,,,
,,"","",,,,,,,,,,
,,"","",,,,,,,,,,
,,"","",,,,,,,,,,
,,"","",,,,,,,,,,
,,"","",,,,,,,,,,
,,"","",,,,,,,,,,
,,"","",,,,,,,,,,
,,"","",,,,,,,,,,
,,"","",,,,,,,,,,
,,"","",,,,,,,,,,
,,"","",,,,,,,,,,
,,"","",,,,,,,,,,
,,"","",,,,,,,,,,
,,"","",,,,,,,,,,
,,"","",,,,,,,,,,
,,"","",,,,,,,,,,
,,"","",,,,,,,,,,
,,"","",,,,,,,,,,
,,"","",,,,,,,,,,
,,"","",,,,,,,,,,
,,"","",,,,,,,,,,
,,"","",,,,,,,,,,
,,"","",,,,,,,,,,
,,"","",,,,,,,,,,
,,"","",,,,,,,,,,
,,"","",,,,,,,,,,
,,"","",,,,,,,,,,
,,"","",,,,,,,,,,
,,"","",,,,,,,,,,
,,"","",,,,,,,,,,
,,"","",,,,,,,,,,
,,"","",,,,,,,,,,
,,"","",,,,,,,,,,
,,"","",,,,,,,,,,
,,"","",,,,,,,,,,
,,"","",,,,,,,,,,
,,"","",,,,,,,,,,
,,"","",,,,,,,,,,
,,"","",,,,,,,,,,
,,"","",,,,,,,,,,
,,"","",,,,,,,,,,
,,"","",,,,,,,,,,
,,"","",,,,,,,,,,
,,"","",,,,,,,,,,
,,"","",,,,,,,,,,
,,"","",,,,,,,,,,
,,"","",,,,,,,,,,
,,"","",,,,,,,,,,
,,"","",,,,,,,,,,
,,"","",,,,,,,,,,
,,"","",,,,,,,,,,
,,"","",,,,,,,,,,
,,"","",,,,,,,,,,
,,"","",,,,,,,,,,
,,"","",,,,,,,,,,
,,"","",,,,,,,,,,
,,"","",,,,,,,,,,
,,"","",,,,,,,,,,
,,"","",,,,,,,,,,
,,"","",,,,,,,,,,
,,"","",,,,,,,,,,
,,"","",,,,,,,,,,
,,"","",,,,,,,,,,
,,"","",,,,,,,,,,
,,"","",,,,,,,,,,
,,"","",,,,,,,,,,
,,"","",,,,,,,,,,
,,"","",,,,,,,,,,
,,"","",,,,,,,,,,
,,"","",,,,,,,,,,
,,"","",,,,,,,,,,
,,"","",,,,,,,,,,
,,"","",,,,,,,,,,
,,"","",,,,,,,,,,
,,"","",,,,,,,,,,
,,"","",,,,,,,,,,
,,"","",,,,,,,,,,
,,"","",,,,,,,,,,
,,"","",,,,,,,,,,
,,"","",,,,,,,,,,
,,"","",,,,,,,,,,
,,"","",,,,,,,,,,
,,"","",,,,,,,,,,
,,"","",,,,,,,,,,
,,"","",,,,,,,,,,
,,"","",,,,,,,,,,
,,"","",,,,,,,,,,
,,"","",,,,,,,,,,
,,"","",,,,,,,,,,
,,"","",,,,,,,,,,
,,"","",,,,,,,,,,
,,"","",,,,,,,,,,
,,"","",,,,,,,,,,
,,"","",,,,,,,,,,
,,"","",,,,,,,,,,
,,"","",,,,,,,,,,
,,"","",,,,,,,,,,
,,"","",,,,,,,,,,
,,"","",,,,,,,,,,
,,"","",,,,,,,,,,
,,"","",,,,,,,,,,
,,"","",,,,,,,,,,
,,"","",,,,,,,,,,
,,"","",,,,,,,,,,
,,"","",,,,,,,,,,
,,"","",,,,,,,,,,
,,"","",,,,,,,,,,
,,"","",,,,,,,,,,
,,"","",,,,,,,,,,
,,"","",,,,,,,,,,
,,"","",,,,,,,,,,
,,"","",,,,,,,,,,
,,"","",,,,,,,,,,
,,"","",,,,,,,,,,
,,"","",,,,,,,,,,
,,"","",,,,,,,,,,
,,"","",,,,,,,,,,
,,"","",,,,,,,,,,
,,"","",,,,,,,,,,
,,"","",,,,,,,,,,
,,"","",,,,,,,,,,
,,"","",,,,,,,,,,
,,"","",,,,,,,,,,
,,"","",,,,,,,,,,
,,"","",,,,,,,,,,
,,"","",,,,,,,,,,
,,"","",,,,,,,,,,
,,"","",,,,,,,,,,
,,"","",,,,,,,,,,
,,"","",,,,,,,,,,
,,"","",,,,,,,,,,
,,"","",,,,,,,,,,
,,"","",,,,,,,,,,
,,"","",,,,,,,,,,
,,"","",,,,,,,,,,
,,"","",,,,,,,,,,
,,"","",,,,,,,,,,
,,"","",,,,,,,,,,
,,"","",,,,,,,,,,
,,"","",,,,,,,,,,
,,"","",,,,,,,,,,
,,"","",,,,,,,,,,
,,"","",,,,,,,,,,
,,"","",,,,,,,,,,
,,"","",,,,,,,,,,
,,"","",,,,,,,,,,
,,"","",,,,,,,,,,
,,"","",,,,,,,,,,
,,"","",,,,,,,,,,
,,"","",,,,,,,,,,
,,"","",,,,,,,,,,
,,"","",,,,,,,,,,
,,"","",,,,,,,,,,
,,"","",,,,,,,,,,
,,"","",,,,,,,,,,
,,"","",,,,,,,,,,
,,"","",,,,,,,,,,
,,"","",,,,,,,,,,
,,"","",,,,,,,,,,
,,"","",,,,,,,,,,
,,"","",,,,,,,,,,
,,"","",,,,,,,,,,
,,"","",,,,,,,,,,
,,"","",,,,,,,,,,
,,"","",,,,,,,,,,
,,"","",,,,,,,,,,
,,"","",,,,,,,,,,
,,"","",,,,,,,,,,
,,"","",,,,,,,,,,
,,"","",,,,,,,,,,
,,"","",,,,,,,,,,
,,"","",,,,,,,,,,
,,"","",,,,,,,,,,
,,"","",,,,,,,,,,
,,"","",,,,,,,,,,
,,"","",,,,,,,,,,
,,"","",,,,,,,,,,
,,"","",,,,,,,,,,
,,"","",,,,,,,,,,
,,"","",,,,,,,,,,
,,"","",,,,,,,,,,
,,"","",,,,,,,,,,
,,"","",,,,,,,,,,
,,"","",,,,,,,,,,
,,"","",,,,,,,,,,
,,"","",,,,,,,,,,
,,"","",,,,,,,,,,
,,"","",,,,,,,,,,
,,"","",,,,,,,,,,
,,"","",,,,,,,,,,
,,"","",,,,,,,,,,
,,"","",,,,,,,,,,
,,"","",,,,,,,,,,
,,"","",,,,,,,,,,
,,"","",,,,,,,,,,
,,"","",,,,,,,,,,
,,"","",,,,,,,,,,
,,"","",,,,,,,,,,
,,"","",,,,,,,,,,
,,"","",,,,,,,,,,
,,"","",,,,,,,,,,
,,"","",,,,,,,,,,
,,"","",,,,,,,,,,
,,"","",,,,,,,,,,
,,"","",,,,,,,,,,
,,"","",,,,,,,,,,
,,"","",,,,,,,,,,
,,"","",,,,,,,,,,
,,"","",,,,,,,,,,
,,"","",,,,,,,,,,
,,"","",,,,,,,,,,
,,"","",,,,,,,,,,
,,"","",,,,,,,,,,
,,"","",,,,,,,,,,
,,"","",,,,,,,,,,
,,"","",,,,,,,,,,
,,"","",,,,,,,,,,
,,"","",,,,,,,,,,
,,"","",,,,,,,,,,
,,"","",,,,,,,,,,
,,"","",,,,,,,,,,
,,"","",,,,,,,,,,
,,"","",,,,,,,,,,
,,"","",,,,,,,,,,
,,"","",,,,,,,,,,
,,"","",,,,,,,,,,
,,"","",,,,,,,,,,
,,"","",,,,,,,,,,
,,"","",,,,,,,,,,
,,"","",,,,,,,,,,
,,"","",,,,,,,,,,
,,"","",,,,,,,,,,
,,"","",,,,,,,,,,
,,"","",,,,,,,,,,
,,"","",,,,,,,,,,
,,"","",,,,,,,,,,
,,"","",,,,,,,,,,
,,"","",,,,,,,,,,
,,"","",,,,,,,,,,
,,"","",,,,,,,,,,
,,"","",,,,,,,,,,
,,"","",,,,,,,,,,
,,"","",,,,,,,,,,
,,"","",,,,,,,,,,
,,"","",,,,,,,,,,
,,"","",,,,,,,,,,
,,"","",,,,,,,,,,
,,"","",,,,,,,,,,
,,"","",,,,,,,,,,
,,"","",,,,,,,,,,
,,"","",,,,,,,,,,
,,"","",,,,,,,,,,
,,"","",,,,,,,,,,
,,"","",,,,,,,,,,
,,"","",,,,,,,,,,
,,"","",,,,,,,,,,
,,"","",,,,,,,,,,
,,"","",,,,,,,,,,
,,"","",,,,,,,,,,
,,"","",,,,,,,,,,
,,"","",,,,,,,,,,
,,"","",,,,,,,,,,
,,"","",,,,,,,,,,
,,"","",,,,,,,,,,
,,"","",,,,,,,,,,
,,"","",,,,,,,,,,
,,"","",,,,,,,,,,
,,"","",,,,,,,,,,
,,"","",,,,,,,,,,
,,"","",,,,,,,,,,
,,"","",,,,,,,,,,
,,"","",,,,,,,,,,
,,"","",,,,,,,,,,
,,"","",,,,,,,,,,
,,"","",,,,,,,,,,
,,"","",,,,,,,,,,
,,"","",,,,,,,,,,
,,"","",,,,,,,,,,
,,"","",,,,,,,,,,
,,"","",,,,,,,,,,
,,"","",,,,,,,,,,
,,"","",,,,,,,,,,
,,"","",,,,,,,,,,
,,"","",,,,,,,,,,
,,"","",,,,,,,,,,
,,"","",,,,,,,,,,
,,"","",,,,,,,,,,
,,"","",,,,,,,,,,
,,"","",,,,,,,,,,
,,"","",,,,,,,,,,
,,"","",,,,,,,,,,
,,"","",,,,,,,,,,
,,"","",,,,,,,,,,
,,"","",,,,,,,,,,
,,"","",,,,,,,,,,
,,"","",,,,,,,,,,
,,"","",,,,,,,,,,
,,"","",,,,,,,,,,
,,"","",,,,,,,,,,
,,"","",,,,,,,,,,
,,"","",,,,,,,,,,
,,"","",,,,,,,,,,
,,"","",,,,,,,,,,
,,"","",,,,,,,,,,
,,"","",,,,,,,,,,
,,"","",,,,,,,,,,
,,"","",,,,,,,,,,
,,"","",,,,,,,,,,
,,"","",,,,,,,,,,
,,"","",,,,,,,,,,
,,"","",,,,,,,,,,
,,"","",,,,,,,,,,
,,"","",,,,,,,,,,
,,"","",,,,,,,,,,
,,"","",,,,,,,,,,
,,"","",,,,,,,,,,
,,"","",,,,,,,,,,
,,"","",,,,,,,,,,
,,"","",,,,,,,,,,
,,"","",,,,,,,,,,
,,"","",,,,,,,,,,
,,"","",,,,,,,,,,
,,"","",,,,,,,,,,
,,"","",,,,,,,,,,
,,"","",,,,,,,,,,
,,"","",,,,,,,,,,
,,"","",,,,,,,,,,
,,"","",,,,,,,,,,
,,"","",,,,,,,,,,
,,"","",,,,,,,,,,
,,"","",,,,,,,,,,
,,"","",,,,,,,,,,
,,"","",,,,,,,,,,
,,"","",,,,,,,,,,
,,"","",,,,,,,,,,
,,"","",,,,,,,,,,
,,"","",,,,,,,,,,
,,"","",,,,,,,,,,
,,"","",,,,,,,,,,
,,"","",,,,,,,,,,
,,"","",,,,,,,,,,
,,"","",,,,,,,,,,
,,"","",,,,,,,,,,
,,"","",,,,,,,,,,
,,"","",,,,,,,,,,
,,"","",,,,,,,,,,
,,"","",,,,,,,,,,
,,"","",,,,,,,,,,
,,"","",,,,,,,,,,
,,"","",,,,,,,,,,
,,"","",,,,,,,,,,
,,"","",,,,,,,,,,
,,"","",,,,,,,,,,
,,"","",,,,,,,,,,
,,"","",,,,,,,,,,
,,"","",,,,,,,,,,
,,"","",,,,,,,,,,
,,"","",,,,,,,,,,
,,"","",,,,,,,,,,
,,"","",,,,,,,,,,
,,"","",,,,,,,,,,
,,"","",,,,,,,,,,
,,"","",,,,,,,,,,
,,"","",,,,,,,,,,
,,"","",,,,,,,,,,
,,"","",,,,,,,,,,
,,"","",,,,,,,,,,
,,"","",,,,,,,,,,
,,"","",,,,,,,,,,
,,"","",,,,,,,,,,
,,"","",,,,,,,,,,
,,"","",,,,,,,,,,
,,"","",,,,,,,,,,
,,"","",,,,,,,,,,
,,"","",,,,,,,,,,
,,"","",,,,,,,,,,
,,"","",,,,,,,,,,
,,"","",,,,,,,,,,
,,"","",,,,,,,,,,
,,"","",,,,,,,,,,
,,"","",,,,,,,,,,
,,"","",,,,,,,,,,
,,"","",,,,,,,,,,
,,"","",,,,,,,,,,
,,"","",,,,,,,,,,
,,"","",,,,,,,,,,
,,"","",,,,,,,,,,
,,"","",,,,,,,,,,
,,"","",,,,,,,,,,
,,"","",,,,,,,,,,
,,"","",,,,,,,,,,
,,"","",,,,,,,,,,
,,"","",,,,,,,,,,
,,"","",,,,,,,,,,
,,"","",,,,,,,,,,
,,"","",,,,,,,,,,
,,"","",,,,,,,,,,
,,"","",,,,,,,,,,
,,"","",,,,,,,,,,
,,"","",,,,,,,,,,
,,"","",,,,,,,,,,
,,"","",,,,,,,,,,
,,"","",,,,,,,,,,
,,"","",,,,,,,,,,
,,"","",,,,,,,,,,
,,"","",,,,,,,,,,
,,"","",,,,,,,,,,
,,"","",,,,,,,,,,
,,"","",,,,,,,,,,
,,"","",,,,,,,,,,
,,"","",,,,,,,,,,
,,"","",,,,,,,,,,
,,"","",,,,,,,,,,
,,"","",,,,,,,,,,
,,"","",,,,,,,,,,
,,"","",,,,,,,,,,
,,"","",,,,,,,,,,
,,"","",,,,,,,,,,
,,"","",,,,,,,,,,
,,"","",,,,,,,,,,
,,"","",,,,,,,,,,
,,"","",,,,,,,,,,
,,"","",,,,,,,,,,
,,"","",,,,,,,,,,
,,"","",,,,,,,,,,
,,"","",,,,,,,,,,
,,"","",,,,,,,,,,
,,"","",,,,,,,,,,
,,"","",,,,,,,,,,
,,"","",,,,,,,,,,
,,"","",,,,,,,,,,
,,"","",,,,,,,,,,
,,"","",,,,,,,,,,
,,"","",,,,,,,,,,
,,"","",,,,,,,,,,
,,"","",,,,,,,,,,
,,"","",,,,,,,,,,
,,"","",,,,,,,,,,
,,"","",,,,,,,,,,
,,"","",,,,,,,,,,
,,"","",,,,,,,,,,
,,"","",,,,,,,,,,
,,"","",,,,,,,,,,
,,"","",,,,,,,,,,
,,"","",,,,,,,,,,
,,"","",,,,,,,,,,
,,"","",,,,,,,,,,
,,"","",,,,,,,,,,
,,"","",,,,,,,,,,
,,"","",,,,,,,,,,
,,"","",,,,,,,,,,
,,"","",,,,,,,,,,
,,"","",,,,,,,,,,
,,"","",,,,,,,,,,
,,"","",,,,,,,,,,
,,"","",,,,,,,,,,
,,"","",,,,,,,,,,
,,"","",,,,,,,,,,
,,"","",,,,,,,,,,
,,"","",,,,,,,,,,
,,"","",,,,,,,,,,
,,"","",,,,,,,,,,
,,"","",,,,,,,,,,
,,"","",,,,,,,,,,
,,"","",,,,,,,,,,
,,"","",,,,,,,,,,
,,"","",,,,,,,,,,
,,"","",,,,,,,,,,
,,"","",,,,,,,,,,
,,"","",,,,,,,,,,
,,"","",,,,,,,,,,
,,"","",,,,,,,,,,
,,"","",,,,,,,,,,
,,"","",,,,,,,,,,
,,"","",,,,,,,,,,
,,"","",,,,,,,,,,
,,"","",,,,,,,,,,
,,"","",,,,,,,,,,
,,"","",,,,,,,,,,
,,"","",,,,,,,,,,
,,"","",,,,,,,,,,
,,"","",,,,,,,,,,
,,"","",,,,,,,,,,
,,"","",,,,,,,,,,
,,"","",,,,,,,,,,
,,"","",,,,,,,,,,
,,"","",,,,,,,,,,
,,"","",,,,,,,,,,
,,"","",,,,,,,,,,
,,"","",,,,,,,,,,
,,"","",,,,,,,,,,
,,"","",,,,,,,,,,
,,"","",,,,,,,,,,
,,"","",,,,,,,,,,
,,"","",,,,,,,,,,
,,"","",,,,,,,,,,
,,"","",,,,,,,,,,
,,"","",,,,,,,,,,
,,"","",,,,,,,,,,
,,"","",,,,,,,,,,
,,"","",,,,,,,,,,
,,"","",,,,,,,,,,
,,"","",,,,,,,,,,
,,"","",,,,,,,,,,
,,"","",,,,,,,,,,
,,"","",,,,,,,,,,
,,"","",,,,,,,,,,
,,"","",,,,,,,,,,
,,"","",,,,,,,,,,
,,"","",,,,,,,,,,
,,"","",,,,,,,,,,
,,"","",,,,,,,,,,
,,"","",,,,,,,,,,
,,"","",,,,,,,,,,
,,"","",,,,,,,,,,
,,"","",,,,,,,,,,
,,"","",,,,,,,,,,
,,"","",,,,,,,,,,
,,"","",,,,,,,,,,
,,"","",,,,,,,,,,
,,"","",,,,,,,,,,
,,"","",,,,,,,,,,
,,"","",,,,,,,,,,
,,"","",,,,,,,,,,
,,"","",,,,,,,,,,
,,"","",,,,,,,,,,
,,"","",,,,,,,,,,
,,"","",,,,,,,,,,
,,"","",,,,,,,,,,
,,"","",,,,,,,,,,
,,"","",,,,,,,,,,
,,"","",,,,,,,,,,
,,"","",,,,,,,,,,
,,"","",,,,,,,,,,
,,"","",,,,,,,,,,
,,"","",,,,,,,,,,
,,"","",,,,,,,,,,
,,"","",,,,,,,,,,
,,"","",,,,,,,,,,
,,"","",,,,,,,,,,
,,"","",,,,,,,,,,
,,"","",,,,,,,,,,
,,"","",,,,,,,,,,
,,"","",,,,,,,,,,
,,"","",,,,,,,,,,
,,"","",,,,,,,,,,
,,"","",,,,,,,,,,
,,"","",,,,,,,,,,
,,"","",,,,,,,,,,
,,"","",,,,,,,,,,
,,"","",,,,,,,,,,
,,"","",,,,,,,,,,
,,"","",,,,,,,,,,
,,"","",,,,,,,,,,
,,"","",,,,,,,,,,
,,"","",,,,,,,,,,
,,"","",,,,,,,,,,
,,"","",,,,,,,,,,
,,"","",,,,,,,,,,
,,"","",,,,,,,,,,
,,"","",,,,,,,,,,
,,"","",,,,,,,,,,
,,"","",,,,,,,,,,
,,"","",,,,,,,,,,
,,"","",,,,,,,,,,
,,"","",,,,,,,,,,
,,"","",,,,,,,,,,
,,"","",,,,,,,,,,
,,"","",,,,,,,,,,
,,"","",,,,,,,,,,
,,"","",,,,,,,,,,
,,"","",,,,,,,,,,
,,"","",,,,,,,,,,
,,"","",,,,,,,,,,
,,"","",,,,,,,,,,
,,"","",,,,,,,,,,
,,"","",,,,,,,,,,
,,"","",,,,,,,,,,
,,"","",,,,,,,,,,
,,"","",,,,,,,,,,
,,"","",,,,,,,,,,
,,"","",,,,,,,,,,
,,"","",,,,,,,,,,
,,"","",,,,,,,,,,
,,"","",,,,,,,,,,
,,"","",,,,,,,,,,
,,"","",,,,,,,,,,
,,"","",,,,,,,,,,
,,"","",,,,,,,,,,
,,"","",,,,,,,,,,
,,"","",,,,,,,,,,
,,"","",,,,,,,,,,
,,"","",,,,,,,,,,
,,"","",,,,,,,,,,
,,"","",,,,,,,,,,
,,"","",,,,,,,,,,
,,"","",,,,,,,,,,
,,"","",,,,,,,,,,
,,"","",,,,,,,,,,
,,"","",,,,,,,,,,
,,"","",,,,,,,,,,
,,"","",,,,,,,,,,
,,"","",,,,,,,,,,
,,"","",,,,,,,,,,
,,"","",,,,,,,,,,
,,"","",,,,,,,,,,
,,"","",,,,,,,,,,
,,"","",,,,,,,,,,
,,"","",,,,,,,,,,
,,"","",,,,,,,,,,
,,"","",,,,,,,,,,
,,"","",,,,,,,,,,
,,"","",,,,,,,,,,
,,"","",,,,,,,,,,
,,"","",,,,,,,,,,
,,"","",,,,,,,,,,
,,"","",,,,,,,,,,
,,"","",,,,,,,,,,
,,"","",,,,,,,,,,
,,"","",,,,,,,,,,
,,"","",,,,,,,,,,
,,"","",,,,,,,,,,
,,"","",,,,,,,,,,
,,"","",,,,,,,,,,
,,"","",,,,,,,,,,
,,"","",,,,,,,,,,
,,"","",,,,,,,,,,
,,"","",,,,,,,,,,
,,"","",,,,,,,,,,
,,"","",,,,,,,,,,
,,"","",,,,,,,,,,
,,"","",,,,,,,,,,
,,"","",,,,,,,,,,
,,"","",,,,,,,,,,
,,"","",,,,,,,,,,
,,"","",,,,,,,,,,
,,"","",,,,,,,,,,
,,"","",,,,,,,,,,
,,"","",,,,,,,,,,
,,"","",,,,,,,,,,
,,"","",,,,,,,,,,
,,"","",,,,,,,,,,
,,"","",,,,,,,,,,
,,"","",,,,,,,,,,
,,"","",,,,,,,,,,
,,"","",,,,,,,,,,
,,"","",,,,,,,,,,
,,"","",,,,,,,,,,
,,"","",,,,,,,,,,
,,"","",,,,,,,,,,
,,"","",,,,,,,,,,
,,"","",,,,,,,,,,
,,"","",,,,,,,,,,
,,"","",,,,,,,,,,
,,"","",,,,,,,,,,
,,"","",,,,,,,,,,
,,"","",,,,,,,,,,
,,"","",,,,,,,,,,
,,"","",,,,,,,,,,
,,"","",,,,,,,,,,
,,"","",,,,,,,,,,
,,"","",,,,,,,,,,
,,"","",,,,,,,,,,
,,"","",,,,,,,,,,
,,"","",,,,,,,,,,
,,"","",,,,,,,,,,
,,"","",,,,,,,,,,
,,"","",,,,,,,,,,
,,"","",,,,,,,,,,
,,"","",,,,,,,,,,
,,"","",,,,,,,,,,
,,"","",,,,,,,,,,
,,"","",,,,,,,,,,
,,"","",,,,,,,,,,
,,"","",,,,,,,,,,
,,"","",,,,,,,,,,
,,"","",,,,,,,,,,
,,"","",,,,,,,,,,
,,"","",,,,,,,,,,
,,"","",,,,,,,,,,
,,"","",,,,,,,,,,
,,"","",,,,,,,,,,
,,"","",,,,,,,,,,
,,"","",,,,,,,,,,
,,"","",,,,,,,,,,
,,"","",,,,,,,,,,
,,"","",,,,,,,,,,
,,"","",,,,,,,,,,
,,"","",,,,,,,,,,
,,"","",,,,,,,,,,
,,"","",,,,,,,,,,
,,"","",,,,,,,,,,
,,"","",,,,,,,,,,
,,"","",,,,,,,,,,
,,"","",,,,,,,,,,
,,"","",,,,,,,,,,
,,"","",,,,,,,,,,
,,"","",,,,,,,,,,
,,"","",,,,,,,,,,
,,"","",,,,,,,,,,
,,"","",,,,,,,,,,
,,"","",,,,,,,,,,
,,"","",,,,,,,,,,
,,"","",,,,,,,,,,
,,"","",,,,,,,,,,
,,"","",,,,,,,,,,
,,"","",,,,,,,,,,
,,"","",,,,,,,,,,
,,"","",,,,,,,,,,
,,"","",,,,,,,,,,
,,"","",,,,,,,,,,
,,"","",,,,,,,,,,
,,"","",,,,,,,,,,
,,"","",,,,,,,,,,
,,"","",,,,,,,,,,
,,"","",,,,,,,,,,
,,"","",,,,,,,,,,
,,"","",,,,,,,,,,
,,"","",,,,,,,,,,
,,"","",,,,,,,,,,
,,"","",,,,,,,,,,
,,"","",,,,,,,,,,
,,"","",,,,,,,,,,
,,"","",,,,,,,,,,
,,"","",,,,,,,,,,
,,"","",,,,,,,,,,
,,"","",,,,,,,,,,
,,"","",,,,,,,,,,
,,"","",,,,,,,,,,
,,"","",,,,,,,,,,
,,"","",,,,,,,,,,
,,"","",,,,,,,,,,
,,"","",,,,,,,,,,
,,"","",,,,,,,,,,
,,"","",,,,,,,,,,
,,"","",,,,,,,,,,
,,"","",,,,,,,,,,
,,"","",,,,,,,,,,
,,"","",,,,,,,,,,
,,"","",,,,,,,,,,
,,"","",,,,,,,,,,
,,"","",,,,,,,,,,
,,"","",,,,,,,,,,
,,"","",,,,,,,,,,
,,"","",,,,,,,,,,
,,"","",,,,,,,,,,
,,"","",,,,,,,,,,
,,"","",,,,,,,,,,
,,"","",,,,,,,,,,
,,"","",,,,,,,,,,
,,"","",,,,,,,,,,
,,"","",,,,,,,,,,
,,"","",,,,,,,,,,
,,"","",,,,,,,,,,
,,"","",,,,,,,,,,
,,"","",,,,,,,,,,
,,"","",,,,,,,,,,
,,"","",,,,,,,,,,
,,"","",,,,,,,,,,
,,"","",,,,,,,,,,
,,"","",,,,,,,,,,
,,"","",,,,,,,,,,
,,"","",,,,,,,,,,
,,"","",,,,,,,,,,
,,"","",,,,,,,,,,
,,"","",,,,,,,,,,
,,"","",,,,,,,,,,
,,"","",,,,,,,,,,
,,"","",,,,,,,,,,
,,"","",,,,,,,,,,
,,"","",,,,,,,,,,
,,"","",,,,,,,,,,
,,"","",,,,,,,,,,
,,"","",,,,,,,,,,
,,"","",,,,,,,,,,
,,"","",,,,,,,,,,
,,"","",,,,,,,,,,
,,"","",,,,,,,,,,
,,"","",,,,,,,,,,
,,"","",,,,,,,,,,
,,"","",,,,,,,,,,
,,"","",,,,,,,,,,
,,"","",,,,,,,,,,
,,"","",,,,,,,,,,
,,"","",,,,,,,,,,
,,"","",,,,,,,,,,
,,"","",,,,,,,,,,
,,"","",,,,,,,,,,
,,"","",,,,,,,,,,
,,"","",,,,,,,,,,
,,"","",,,,,,,,,,
,,"","",,,,,,,,,,
,,"","",,,,,,,,,,
,,"","",,,,,,,,,,
,,"","",,,,,,,,,,
,,"","",,,,,,,,,,
,,"","",,,,,,,,,,
,,"","",,,,,,,,,,
,,"","",,,,,,,,,,
,,"","",,,,,,,,,,
,,"","",,,,,,,,,,
,,"","",,,,,,,,,,
,,"","",,,,,,,,,,
,,"","",,,,,,,,,,
,,"","",,,,,,,,,,
,,"","",,,,,,,,,,
,,"","",,,,,,,,,,
,,"","",,,,,,,,,,
,,"","",,,,,,,,,,
,,"","",,,,,,,,,,
,,"","",,,,,,,,,,
,,"","",,,,,,,,,,
,,"","",,,,,,,,,,
,,"","",,,,,,,,,,
,,"","",,,,,,,,,,
,,"","",,,,,,,,,,
,,"","",,,,,,,,,,
,,"","",,,,,,,,,,
,,"","",,,,,,,,,,
,,"","",,,,,,,,,,
,,"","",,,,,,,,,,
,,"","",,,,,,,,,,
,,"","",,,,,,,,,,
,,"","",,,,,,,,,,
,,"","",,,,,,,,,,
,,"","",,,,,,,,,,
,,"","",,,,,,,,,,
,,"","",,,,,,,,,,
,,"","",,,,,,,,,,
,,"","",,,,,,,,,,
,,"","",,,,,,,,,,
,,"","",,,,,,,,,,
,,"","",,,,,,,,,,
,,"","",,,,,,,,,,
,,"","",,,,,,,,,,
,,"","",,,,,,,,,,
,,"","",,,,,,,,,,
,,"","",,,,,,,,,,
,,"","",,,,,,,,,,
,,"","",,,,,,,,,,
,,"","",,,,,,,,,,
,,"","",,,,,,,,,,
,,"","",,,,,,,,,,
,,"","",,,,,,,,,,
,,"","",,,,,,,,,,
,,"","",,,,,,,,,,
,,"","",,,,,,,,,,
,,"","",,,,,,,,,,
,,"","",,,,,,,,,,
,,"","",,,,,,,,,,
,,"","",,,,,,,,,,
,,"","",,,,,,,,,,
,,"","",,,,,,,,,,
,,"","",,,,,,,,,,
,,"","",,,,,,,,,,
,,"","",,,,,,,,,,
,,"","",,,,,,,,,,
,,"","",,,,,,,,,,
,,"","",,,,,,,,,,
,,"","",,,,,,,,,,
,,"","",,,,,,,,,,
,,"","",,,,,,,,,,
,,"","",,,,,,,,,,
,,"","",,,,,,,,,,
,,"","",,,,,,,,,,
,,"","",,,,,,,,,,
,,"","",,,,,,,,,,
,,"","",,,,,,,,,,
,,"","",,,,,,,,,,
,,"","",,,,,,,,,,
,,"","",,,,,,,,,,
,,"","",,,,,,,,,,
,,"","",,,,,,,,,,
,,"","",,,,,,,,,,
,,"","",,,,,,,,,,
,,"","",,,,,,,,,,
,,"","",,,,,,,,,,
,,"","",,,,,,,,,,
,,"","",,,,,,,,,,
,,"","",,,,,,,,,,
,,"","",,,,,,,,,,
,,"","",,,,,,,,,,
,,"","",,,,,,,,,,
,,"","",,,,,,,,,,
,,"","",,,,,,,,,,
,,"","",,,,,,,,,,
,,"","",,,,,,,,,,
,,"","",,,,,,,,,,
,,"","",,,,,,,,,,
,,"","",,,,,,,,,,
,,"","",,,,,,,,,,
,,"","",,,,,,,,,,
,,"","",,,,,,,,,,
,,"","",,,,,,,,,,
,,"","",,,,,,,,,,
,,"","",,,,,,,,,,
,,"","",,,,,,,,,,
,,"","",,,,,,,,,,
,,"","",,,,,,,,,,
,,"","",,,,,,,,,,
,,"","",,,,,,,,,,
,,"","",,,,,,,,,,
,,"","",,,,,,,,,,
,,"","",,,,,,,,,,
,,"","",,,,,,,,,,
,,"","",,,,,,,,,,
,,"","",,,,,,,,,,
,,"","",,,,,,,,,,
,,"","",,,,,,,,,,
,,"","",,,,,,,,,,
,,"","",,,,,,,,,,
,,"","",,,,,,,,,,
,,"","",,,,,,,,,,
,,"","",,,,,,,,,,
,,"","",,,,,,,,,,
,,"","",,,,,,,,,,
,,"","",,,,,,,,,,
,,"","",,,,,,,,,,
,,"","",,,,,,,,,,
,,"","",,,,,,,,,,
,,"","",,,,,,,,,,
,,"","",,,,,,,,,,
,,"","",,,,,,,,,,
,,"","",,,,,,,,,,
,,"","",,,,,,,,,,
,,"","",,,,,,,,,,
,,"","",,,,,,,,,,
,,"","",,,,,,,,,,
,,"","",,,,,,,,,,
,,"","",,,,,,,,,,
,,"","",,,,,,,,,,
,,"","",,,,,,,,,,
,,"","",,,,,,,,,,
,,"","",,,,,,,,,,
,,"","",,,,,,,,,,
,,"","",,,,,,,,,,
,,"","",,,,,,,,,,
,,"","",,,,,,,,,,
,,"","",,,,,,,,,,
,,"","",,,,,,,,,,
,,"","",,,,,,,,,,
,,"","",,,,,,,,,,
,,"","",,,,,,,,,,
,,"","",,,,,,,,,,
,,"","",,,,,,,,,,
,,"","",,,,,,,,,,
,,"","",,,,,,,,,,
,,"","",,,,,,,,,,
,,"","",,,,,,,,,,
,,"","",,,,,,,,,,
,,"","",,,,,,,,,,
,,"","",,,,,,,,,,
,,"","",,,,,,,,,,
,,"","",,,,,,,,,,
,,"","",,,,,,,,,,
,,"","",,,,,,,,,,
,,"","",,,,,,,,,,
,,"","",,,,,,,,,,
,,"","",,,,,,,,,,
,,"","",,,,,,,,,,
,,"","",,,,,,,,,,
,,"","",,,,,,,,,,
,,"","",,,,,,,,,,
,,"","",,,,,,,,,,
,,"","",,,,,,,,,,
,,"","",,,,,,,,,,
,,"","",,,,,,,,,,
,,"","",,,,,,,,,,
,,"","",,,,,,,,,,
,,"","",,,,,,,,,,
,,"","",,,,,,,,,,
,,"","",,,,,,,,,,
,,"","",,,,,,,,,,
,,"","",,,,,,,,,,
,,"","",,,,,,,,,,
,,"","",,,,,,,,,,
,,"","",,,,,,,,,,
,,"","",,,,,,,,,,
,,"","",,,,,,,,,,
,,"","",,,,,,,,,,
,,"","",,,,,,,,,,
,,"","",,,,,,,,,,
,,"","",,,,,,,,,,
,,"","",,,,,,,,,,
,,"","",,,,,,,,,,
,,"","",,,,,,,,,,
,,"","",,,,,,,,,,
,,"","",,,,,,,,,,
,,"","",,,,,,,,,,
,,"","",,,,,,,,,,
,,"","",,,,,,,,,,
,,"","",,,,,,,,,,
,,"","",,,,,,,,,,
,,"","",,,,,,,,,,
,,"","",,,,,,,,,,
,,"","",,,,,,,,,,
,,"","",,,,,,,,,,
,,"","",,,,,,,,,,
,,"","",,,,,,,,,,
,,"","",,,,,,,,,,
,,"","",,,,,,,,,,
,,"","",,,,,,,,,,
,,"","",,,,,,,,,,
,,"","",,,,,,,,,,
,,"","",,,,,,,,,,
,,"","",,,,,,,,,,
,,"","",,,,,,,,,,
,,"","",,,,,,,,,,
,,"","",,,,,,,,,,
,,"","",,,,,,,,,,
,,"","",,,,,,,,,,
,,"","",,,,,,,,,,
,,"","",,,,,,,,,,
,,"","",,,,,,,,,,
,,"","",,,,,,,,,,
,,"","",,,,,,,,,,
,,"","",,,,,,,,,,
,,"","",,,,,,,,,,
,,"","",,,,,,,,,,
,,"","",,,,,,,,,,
,,"","",,,,,,,,,,
,,"","",,,,,,,,,,
,,"","",,,,,,,,,,
,,"","",,,,,,,,,,
,,"","",,,,,,,,,,
,,"","",,,,,,,,,,
,,"","",,,,,,,,,,
,,"","",,,,,,,,,,
,,"","",,,,,,,,,,
,,"","",,,,,,,,,,
,,"","",,,,,,,,,,
,,"","",,,,,,,,,,
,,"","",,,,,,,,,,
,,"","",,,,,,,,,,
,,"","",,,,,,,,,,
,,"","",,,,,,,,,,
,,"","",,,,,,,,,,
,,"","",,,,,,,,,,
,,"","",,,,,,,,,,
,,"","",,,,,,,,,,
,,"","",,,,,,,,,,
,,"","",,,,,,,,,,
,,"","",,,,,,,,,,
,,"","",,,,,,,,,,
,,"","",,,,,,,,,,
,,"","",,,,,,,,,,
,,"","",,,,,,,,,,
,,"","",,,,,,,,,,
,,"","",,,,,,,,,,
,,"","",,,,,,,,,,
,,"","",,,,,,,,,,
,,"","",,,,,,,,,,
,,"","",,,,,,,,,,
,,"","",,,,,,,,,,
,,"","",,,,,,,,,,
,,"","",,,,,,,,,,
,,"","",,,,,,,,,,
,,"","",,,,,,,,,,
,,"","",,,,,,,,,,
,,"","",,,,,,,,,,
,,"","",,,,,,,,,,
,,"","",,,,,,,,,,
,,"","",,,,,,,,,,
,,"","",,,,,,,,,,
,,"","",,,,,,,,,,
,,"","",,,,,,,,,,
,,"","",,,,,,,,,,
,,"","",,,,,,,,,,
,,"","",,,,,,,,,,
,,"","",,,,,,,,,,
,,"","",,,,,,,,,,
,,"","",,,,,,,,,,
,,"","",,,,,,,,,,
,,"","",,,,,,,,,,
,,"","",,,,,,,,,,
,,"","",,,,,,,,,,
,,"","",,,,,,,,,,
,,"","",,,,,,,,,,
,,"","",,,,,,,,,,
,,"","",,,,,,,,,,
,,"","",,,,,,,,,,
,,"","",,,,,,,,,,
,,"","",,,,,,,,,,
,,"","",,,,,,,,,,
,,"","",,,,,,,,,,
,,"","",,,,,,,,,,
,,"","",,,,,,,,,,
,,"","",,,,,,,,,,
,,"","",,,,,,,,,,
,,"","",,,,,,,,,,
,,"","",,,,,,,,,,
,,"","",,,,,,,,,,
,,"","",,,,,,,,,,
,,"","",,,,,,,,,,
,,"","",,,,,,,,,,
,,"","",,,,,,,,,,
,,"","",,,,,,,,,,
,,"","",,,,,,,,,,
,,"","",,,,,,,,,,
,,"","",,,,,,,,,,
,,"","",,,,,,,,,,
,,"","",,,,,,,,,,
,,"","",,,,,,,,,,
,,"","",,,,,,,,,,
,,"","",,,,,,,,,,
,,"","",,,,,,,,,,
,,"","",,,,,,,,,,
,,"","",,,,,,,,,,
,,"","",,,,,,,,,,
,,"","",,,,,,,,,,
,,"","",,,,,,,,,,
,,"","",,,,,,,,,,
,,"","",,,,,,,,,,
,,"","",,,,,,,,,,
,,"","",,,,,,,,,,
,,"","",,,,,,,,,,
,,"","",,,,,,,,,,
,,"","",,,,,,,,,,
,,"","",,,,,,,,,,
,,"","",,,,,,,,,,
,,"","",,,,,,,,,,
,,"","",,,,,,,,,,
,,"","",,,,,,,,,,
,,"","",,,,,,,,,,
,,"","",,,,,,,,,,
,,"","",,,,,,,,,,
,,"","",,,,,,,,,,
,,"","",,,,,,,,,,
,,"","",,,,,,,,,,
,,"","",,,,,,,,,,
,,"","",,,,,,,,,,
,,"","",,,,,,,,,,
,,"","",,,,,,,,,,
,,"","",,,,,,,,,,
,,"","",,,,,,,,,,
,,"","",,,,,,,,,,
,,"","",,,,,,,,,,
,,"","",,,,,,,,,,
,,"","",,,,,,,,,,
,,"","",,,,,,,,,,
,,"","",,,,,,,,,,
,,"","",,,,,,,,,,
,,"","",,,,,,,,,,
,,"","",,,,,,,,,,
,,"","",,,,,,,,,,
,,"","",,,,,,,,,,
,,"","",,,,,,,,,,
,,"","",,,,,,,,,,
,,"","",,,,,,,,,,
,,"","",,,,,,,,,,
,,"","",,,,,,,,,,
,,"","",,,,,,,,,,
,,"","",,,,,,,,,,
,,"","",,,,,,,,,,
,,"","",,,,,,,,,,
,,"","",,,,,,,,,,
,,"","",,,,,,,,,,
,,"","",,,,,,,,,,
,,"","",,,,,,,,,,
,,"","",,,,,,,,,,
,,"","",,,,,,,,,,
,,"","",,,,,,,,,,
,,"","",,,,,,,,,,
,,"","",,,,,,,,,,
,,"","",,,,,,,,,,
,,"","",,,,,,,,,,
,,"","",,,,,,,,,,
,,"","",,,,,,,,,,
,,"","",,,,,,,,,,
,,"","",,,,,,,,,,
,,"","",,,,,,,,,,
